{"IcoMoonType":"selection","icons":[{"icon":{"paths":["M954.857 323.429c0 14.286-5.714 28.571-16 38.857l-491.429 491.429c-10.286 10.286-24.571 16-38.857 16s-28.571-5.714-38.857-16l-284.571-284.571c-10.286-10.286-16-24.571-16-38.857s5.714-28.571 16-38.857l77.714-77.714c10.286-10.286 24.571-16 38.857-16s28.571 5.714 38.857 16l168 168.571 374.857-375.429c10.286-10.286 24.571-16 38.857-16s28.571 5.714 38.857 16l77.714 77.714c10.286 10.286 16 24.571 16 38.857z"],"width":1024,"attrs":[],"isMulticolor":false,"isMulticolor2":false,"tags":["check"],"defaultCode":61452,"grid":14},"attrs":[],"properties":{"name":"check","id":16,"order":6,"prevSize":28,"code":61452},"setIdx":0,"setId":0,"iconIdx":16},{"icon":{"paths":["M741.714 755.429c0 14.286-5.714 28.571-16 38.857l-77.714 77.714c-10.286 10.286-24.571 16-38.857 16s-28.571-5.714-38.857-16l-168-168-168 168c-10.286 10.286-24.571 16-38.857 16s-28.571-5.714-38.857-16l-77.714-77.714c-10.286-10.286-16-24.571-16-38.857s5.714-28.571 16-38.857l168-168-168-168c-10.286-10.286-16-24.571-16-38.857s5.714-28.571 16-38.857l77.714-77.714c10.286-10.286 24.571-16 38.857-16s28.571 5.714 38.857 16l168 168 168-168c10.286-10.286 24.571-16 38.857-16s28.571 5.714 38.857 16l77.714 77.714c10.286 10.286 16 24.571 16 38.857s-5.714 28.571-16 38.857l-168 168 168 168c10.286 10.286 16 24.571 16 38.857z"],"width":804.5714285714286,"attrs":[],"isMulticolor":false,"isMulticolor2":false,"tags":["close","remove","times"],"defaultCode":61453,"grid":14},"attrs":[],"properties":{"name":"close, remove, times","id":17,"order":4,"prevSize":28,"code":61453},"setIdx":0,"setId":0,"iconIdx":17},{"icon":{"paths":["M733.714 419.429c0-9.714-3.429-19.429-10.286-26.286l-52-51.429c-6.857-6.857-16-10.857-25.714-10.857s-18.857 4-25.714 10.857l-233.143 232.571-129.143-129.143c-6.857-6.857-16-10.857-25.714-10.857s-18.857 4-25.714 10.857l-52 51.429c-6.857 6.857-10.286 16.571-10.286 26.286s3.429 18.857 10.286 25.714l206.857 206.857c6.857 6.857 16.571 10.857 25.714 10.857 9.714 0 19.429-4 26.286-10.857l310.286-310.286c6.857-6.857 10.286-16 10.286-25.714zM877.714 512c0 242.286-196.571 438.857-438.857 438.857s-438.857-196.571-438.857-438.857 196.571-438.857 438.857-438.857 438.857 196.571 438.857 438.857z"],"width":877.7142857142857,"attrs":[],"isMulticolor":false,"isMulticolor2":false,"tags":["check-circle"],"defaultCode":61528,"grid":14},"attrs":[],"properties":{"name":"check-circle","id":87,"order":8,"prevSize":28,"code":61528},"setIdx":0,"setId":0,"iconIdx":87},{"icon":{"paths":["M365.714 877.714c0 40-33.143 73.143-73.143 73.143s-73.143-33.143-73.143-73.143 33.143-73.143 73.143-73.143 73.143 33.143 73.143 73.143zM877.714 877.714c0 40-33.143 73.143-73.143 73.143s-73.143-33.143-73.143-73.143 33.143-73.143 73.143-73.143 73.143 33.143 73.143 73.143zM950.857 256v292.571c0 18.286-14.286 34.286-32.571 36.571l-596.571 69.714c2.857 13.143 7.429 26.286 7.429 40 0 13.143-8 25.143-13.714 36.571h525.714c20 0 36.571 16.571 36.571 36.571s-16.571 36.571-36.571 36.571h-585.143c-20 0-36.571-16.571-36.571-36.571 0-17.714 25.714-60.571 34.857-78.286l-101.143-470.286h-116.571c-20 0-36.571-16.571-36.571-36.571s16.571-36.571 36.571-36.571h146.286c38.286 0 39.429 45.714 45.143 73.143h686.286c20 0 36.571 16.571 36.571 36.571z"],"width":950.8571428571428,"attrs":[],"isMulticolor":false,"isMulticolor2":false,"tags":["shopping-cart"],"defaultCode":61562,"grid":14},"attrs":[],"properties":{"name":"shopping-cart","id":116,"order":3,"prevSize":28,"code":61562},"setIdx":0,"setId":0,"iconIdx":116},{"icon":{"paths":["M877.714 768v73.143c0 20-16.571 36.571-36.571 36.571h-804.571c-20 0-36.571-16.571-36.571-36.571v-73.143c0-20 16.571-36.571 36.571-36.571h804.571c20 0 36.571 16.571 36.571 36.571zM877.714 475.429v73.143c0 20-16.571 36.571-36.571 36.571h-804.571c-20 0-36.571-16.571-36.571-36.571v-73.143c0-20 16.571-36.571 36.571-36.571h804.571c20 0 36.571 16.571 36.571 36.571zM877.714 182.857v73.143c0 20-16.571 36.571-36.571 36.571h-804.571c-20 0-36.571-16.571-36.571-36.571v-73.143c0-20 16.571-36.571 36.571-36.571h804.571c20 0 36.571 16.571 36.571 36.571z"],"width":877.7142857142857,"attrs":[],"isMulticolor":false,"isMulticolor2":false,"tags":["bars","navicon","reorder"],"defaultCode":61641,"grid":14},"attrs":[],"properties":{"name":"bars, navicon, reorder","id":178,"order":7,"prevSize":28,"code":61641},"setIdx":0,"setId":0,"iconIdx":178}],"height":1024,"metadata":{"name":"icomoon"},"preferences":{"showGlyphs":true,"showQuickUse":true,"showQuickUse2":true,"showSVGs":true,"fontPref":{"prefix":"icon-","metadata":{"fontFamily":"icomoon"},"metrics":{"emSize":1024,"baseline":6.25,"whitespace":50},"embed":false},"imagePref":{"prefix":"icon-","png":true,"useClassSelector":true,"color":0,"bgColor":16777215,"classSelector":".icon"},"historySize":50,"showCodes":true,"gridSize":16}}